risk_category,total_count,default_count,Age_mean,Income_mean,LoanAmount_mean,CreditScore_mean,MonthsEmployed_mean,NumCreditLines_mean,InterestRate_mean,LoanTerm_mean,DTIRatio_mean,risk_score_mean,Age_stddev,Income_stddev,LoanAmount_stddev,CreditScore_stddev,MonthsEmployed_stddev,NumCreditLines_stddev,InterestRate_stddev,LoanTerm_stddev,DTIRatio_stddev,risk_score_stddev,Age_min,Income_min,LoanAmount_min,CreditScore_min,MonthsEmployed_min,NumCreditLines_min,InterestRate_min,LoanTerm_min,DTIRatio_min,risk_score_min,Age_max,Income_max,LoanAmount_max,CreditScore_max,MonthsEmployed_max,NumCreditLines_max,InterestRate_max,LoanTerm_max,DTIRatio_max,risk_score_max,default_rate
High,3,3.0,31.666666666666668,35000.0,156666.66666666666,566.6666666666666,12.0,1.6666666666666667,9.333333333333334,30.0,0.5333333333333333,0.7981003752345216,11.930353445448855,5000.0,81445.27815247078,61.10100926607787,6.0,0.5773502691896258,2.3629078131263044,0.0,0.07637626158259729,0.17299541218538977,22,30000,100000,500,6,1,7.5,30,0.45,0.6098015947467168,45,40000,250000,620,18,2,12.0,30,0.6,0.95,1.0
Low,3,0.0,46.666666666666664,86666.66666666667,210000.0,736.6666666666666,92.0,6.0,4.1000000000000005,15.0,0.22333333333333336,0.23322091932457786,10.408329997330663,10408.329997330664,79372.53933193772,15.275252316519467,30.199337741083,1.0,0.360555127546399,0.0,0.02516611478423583,0.042487479111252516,35,75000,150000,720,60,5,3.8,15,0.2,0.18450000000000005,55,95000,300000,750,120,7,4.5,15,0.25,0.2625703564727955,0.0
Medium,6,0.0,33.166666666666664,60000.0,183333.33333333334,676.6666666666666,49.0,4.166666666666667,6.033333333333334,25.0,0.33166666666666667,0.44110936522826766,6.6156380392723015,13038.404810405298,29439.20288775949,30.767948691238203,24.124676163629637,1.1690451944500122,0.7229568912920513,4.47213595499958,0.04956477243634501,0.0870128175139791,25,45000,140000,630,24,3,5.2,20,0.28,0.3643578799249531,42,80000,220000,710,84,6,7.2,30,0.42,0.5713499061913696,0.0
