age_group,total_count,default_count,Age_mean,Income_mean,LoanAmount_mean,CreditScore_mean,MonthsEmployed_mean,NumCreditLines_mean,InterestRate_mean,LoanTerm_mean,DTIRatio_mean,risk_score_mean,Age_stddev,Income_stddev,LoanAmount_stddev,CreditScore_stddev,MonthsEmployed_stddev,NumCreditLines_stddev,InterestRate_stddev,LoanTerm_stddev,DTIRatio_stddev,risk_score_stddev,Age_min,Income_min,LoanAmount_min,CreditScore_min,MonthsEmployed_min,NumCreditLines_min,InterestRate_min,LoanTerm_min,DTIRatio_min,risk_score_min,Age_max,Income_max,LoanAmount_max,CreditScore_max,MonthsEmployed_max,NumCreditLines_max,InterestRate_max,LoanTerm_max,DTIRatio_max,risk_score_max,default_rate
45-54,2,1.0,47.5,67500.0,215000.0,660.0,54.0,4.5,6.15,22.5,0.385,0.509499765478424,3.5355339059327378,38890.87296526011,49497.474683058324,113.13708498984761,59.39696961966999,3.5355339059327378,3.3234018715767735,10.606601717798213,0.23334523779156074,0.4596190761076625,45,40000,180000,580,12,2,3.8,15,0.22,0.18450000000000005,50,95000,250000,740,96,7,8.5,30,0.55,0.834499530956848,0.5
55-64,1,0.0,55.0,90000.0,300000.0,750.0,120.0,6.0,4.0,15.0,0.2,0.2625703564727955,,,,,,,,,,,55,90000,300000,750,120,6,4.0,15,0.2,0.2625703564727955,55,90000,300000,750,120,6,4.0,15,0.2,0.2625703564727955,0.0
35-44,3,0.0,39.0,75000.0,190000.0,703.3333333333334,72.0,5.333333333333333,5.233333333333333,21.666666666666668,0.2966666666666667,0.34964524702939337,3.605551275463989,5000.0,36055.512754639894,20.816659994661325,12.0,0.5773502691896258,0.7505553499465135,5.773502691896257,0.041633319989322654,0.09059698396834236,35,70000,150000,680,60,5,4.5,15,0.25,0.2525924015009381,42,80000,220000,720,84,6,6.0,25,0.33,0.43198545966228896,0.0
25-34,5,1.0,29.0,48000.0,156000.0,634.0,28.8,3.0,7.4,26.0,0.39,0.5600625703564728,2.91547594742265,11510.864433221339,38470.76812334269,80.18728078691782,15.53061492665374,1.224744871391589,2.6542418879974,5.477225575051661,0.12922847983320085,0.2345753978023781,25,30000,100000,500,6,1,5.5,20,0.28,0.37731894934333965,33,60000,200000,700,48,4,12.0,30,0.6,0.95,0.2
18-24,1,1.0,22.0,35000.0,120000.0,620.0,18.0,2.0,7.5,30.0,0.45,0.6098015947467168,,,,,,,,,,,22,35000,120000,620,18,2,7.5,30,0.45,0.6098015947467168,22,35000,120000,620,18,2,7.5,30,0.45,0.6098015947467168,1.0
