income_bracket,total_count,default_count,Age_mean,Income_mean,LoanAmount_mean,CreditScore_mean,MonthsEmployed_mean,NumCreditLines_mean,InterestRate_mean,LoanTerm_mean,DTIRatio_mean,risk_score_mean,Age_stddev,Income_stddev,LoanAmount_stddev,CreditScore_stddev,MonthsEmployed_stddev,NumCreditLines_stddev,InterestRate_stddev,LoanTerm_stddev,DTIRatio_stddev,risk_score_stddev,Age_min,Income_min,LoanAmount_min,CreditScore_min,MonthsEmployed_min,NumCreditLines_min,InterestRate_min,LoanTerm_min,DTIRatio_min,risk_score_min,Age_max,Income_max,LoanAmount_max,CreditScore_max,MonthsEmployed_max,NumCreditLines_max,InterestRate_max,LoanTerm_max,DTIRatio_max,risk_score_max,default_rate
Lower-Middle ($30K-$60K),6,3.0,30.333333333333332,42500.0,161666.66666666666,611.6666666666666,23.0,2.5,7.916666666666667,28.333333333333332,0.44166666666666665,0.6444674015009381,8.091147425839345,9354.143466934853,55287.1293039046,65.54896388705671,14.899664425751338,1.0488088481701516,2.1994696330403536,4.0824829046386295,0.11990273836183503,0.21068026727314096,22,30000,100000,500,6,1,5.8,20,0.28,0.37731894934333965,45,55000,250000,690,48,4,12.0,30,0.6,0.95,0.5
Middle ($60K-$100K),6,0.0,42.0,78333.33333333333,205000.0,716.6666666666666,78.0,5.5,4.833333333333333,19.166666666666668,0.26833333333333337,0.31230261100687934,9.273618495495704,12909.944487358058,52057.66033928148,25.81988897471612,29.147898723578688,1.0488088481701516,0.8733078876700169,4.915960401250875,0.05269408568963568,0.09348476924322298,30,60000,150000,680,36,4,3.8,15,0.2,0.18450000000000005,55,95000,300000,750,120,7,6.0,25,0.33,0.43198545966228896,0.0
